2473;"sidebar"
2454;"scroll"
2449;"sets"
2434;"characters"
2431;"emotes"
2430;"backgrounds"
2429;"buttoncomponent"
2427;"AQWorlds.AvatarMC"
2408;"AQWorlds.mcSkel"
2315;"Paradigm_fla.fxx_128"
2228;"Paradigm_fla.mcCape_87"
2201;"AbyssalBow"
2197;"backgroundcomponent"
2185;"EpicDuel.CharacterBase"
1270;"Paradigm_fla.multicannon_439"
567;"Paradigm_fla.proton_cannon_249"
507;"Paradigm_fla.multicannoncopy_232"
425;"Paradigm_fla.fireworks_box_202"
296;"Weapon_Wrist_R"
294;"Forearm_R"
292;"Bicep_R"
290;"Weapon_Blade"
288;"Weapon_Staff"
286;"HairAbove"
285;"Weapon_Gun"
283;"Shin_R"
281;"Thigh_R_Female"
280;"Thigh_R"
278;"Foot_R"
276;"Hip"
274;"Body"
272;"Head"
270;"Craft"
268;"Shin_L"
266;"Thigh_L"
264;"Foot_L"
262;"Weapon_Grenade"
260;"Weapon_Auxiliary"
258;"Forearm_L"
256;"Bicep_L"
254;"Weapon_Wrist_L"
252;"colorcomponent"
246;"advcolor"
207;"contextdivider"
205;"contextitem"
197;"context"
194;"emotecomponent"
185;"itemfile"
147;"mcHeadF"
144;"Paradigm_fla.Female_Nose_778"
141;"Paradigm_fla.Female_Eye_771"
138;"Paradigm_fla.Female_Eyebrow_Skin_Base__776"
134;"Paradigm_fla.Female_Iris_Light_774"
133;"Paradigm_fla.Female_Iris_None_773"
132;"mcHeadM"
131;"Paradigm_fla.game_1_Male_Master1_28_789"
127;"Paradigm_fla.game_1_Male_Master1_27_781"
125;"Paradigm_fla.Eyebrow_Skin_787"
120;"Paradigm_fla.Head_Iris_Light_785"
118;"Paradigm_fla.Head_Iris_None_784"
112;"Paradigm_fla.Face_Dark_770"
110;"Paradigm_fla.Face_Light_769"
108;"messagebox"
106;"optioncomponent"
105;"Paradigm_fla.mcToggleBtn_45"
99;"radiocomponent"
91;"AQWorlds.PetMC"
54;"savedcolor"
49;"screenshot"
30;"sectiontext"
28;"setbtn"
23;"tooltip"
19;"about"
0;"main"
