/Users/andreas/MyProjects/swf-testing/para_recovered/src/AQWorlds/Avatar.as	package=AQWorlds	class=Avatar	interface=-	movement_score=2
/Users/andreas/MyProjects/swf-testing/para_recovered/src/AQWorlds/AvatarMC.as	package=AQWorlds	class=AvatarMC	interface=-	movement_score=9
/Users/andreas/MyProjects/swf-testing/para_recovered/src/AQWorlds/PetMC.as	package=AQWorlds	class=PetMC	interface=-	movement_score=7
/Users/andreas/MyProjects/swf-testing/para_recovered/src/AQWorlds/mcSkel.as	package=AQWorlds	class=mcSkel	interface=-	movement_score=4
/Users/andreas/MyProjects/swf-testing/para_recovered/src/AbyssalBow.as	package=(default)	class=AbyssalBow	interface=-	movement_score=1
/Users/andreas/MyProjects/swf-testing/para_recovered/src/Bicep_L.as	package=(default)	class=Bicep_L	interface=-	movement_score=1
/Users/andreas/MyProjects/swf-testing/para_recovered/src/Bicep_R.as	package=(default)	class=Bicep_R	interface=-	movement_score=1
/Users/andreas/MyProjects/swf-testing/para_recovered/src/Body.as	package=(default)	class=Body	interface=-	movement_score=1
/Users/andreas/MyProjects/swf-testing/para_recovered/src/Craft.as	package=(default)	class=Craft	interface=-	movement_score=1
/Users/andreas/MyProjects/swf-testing/para_recovered/src/EpicDuel/CharacterBase.as	package=EpicDuel	class=CharacterBase	interface=-	movement_score=8
/Users/andreas/MyProjects/swf-testing/para_recovered/src/Foot_L.as	package=(default)	class=Foot_L	interface=-	movement_score=1
/Users/andreas/MyProjects/swf-testing/para_recovered/src/Foot_R.as	package=(default)	class=Foot_R	interface=-	movement_score=1
/Users/andreas/MyProjects/swf-testing/para_recovered/src/Forearm_L.as	package=(default)	class=Forearm_L	interface=-	movement_score=1
/Users/andreas/MyProjects/swf-testing/para_recovered/src/Forearm_R.as	package=(default)	class=Forearm_R	interface=-	movement_score=1
/Users/andreas/MyProjects/swf-testing/para_recovered/src/HairAbove.as	package=(default)	class=HairAbove	interface=-	movement_score=1
/Users/andreas/MyProjects/swf-testing/para_recovered/src/Head.as	package=(default)	class=Head	interface=-	movement_score=1
/Users/andreas/MyProjects/swf-testing/para_recovered/src/Hip.as	package=(default)	class=Hip	interface=-	movement_score=1
/Users/andreas/MyProjects/swf-testing/para_recovered/src/Paradigm_fla/Eyebrow_Skin_787.as	package=Paradigm_fla	class=Eyebrow_Skin_787	interface=-	movement_score=1
/Users/andreas/MyProjects/swf-testing/para_recovered/src/Paradigm_fla/Face_Dark_770.as	package=Paradigm_fla	class=Face_Dark_770	interface=-	movement_score=1
/Users/andreas/MyProjects/swf-testing/para_recovered/src/Paradigm_fla/Face_Light_769.as	package=Paradigm_fla	class=Face_Light_769	interface=-	movement_score=1
/Users/andreas/MyProjects/swf-testing/para_recovered/src/Paradigm_fla/Female_Eye_771.as	package=Paradigm_fla	class=Female_Eye_771	interface=-	movement_score=1
/Users/andreas/MyProjects/swf-testing/para_recovered/src/Paradigm_fla/Female_Eyebrow_Skin_Base__776.as	package=Paradigm_fla	class=Female_Eyebrow_Skin_Base__776	interface=-	movement_score=1
/Users/andreas/MyProjects/swf-testing/para_recovered/src/Paradigm_fla/Female_Iris_Light_774.as	package=Paradigm_fla	class=Female_Iris_Light_774	interface=-	movement_score=1
/Users/andreas/MyProjects/swf-testing/para_recovered/src/Paradigm_fla/Female_Iris_None_773.as	package=Paradigm_fla	class=Female_Iris_None_773	interface=-	movement_score=1
/Users/andreas/MyProjects/swf-testing/para_recovered/src/Paradigm_fla/Female_Nose_778.as	package=Paradigm_fla	class=Female_Nose_778	interface=-	movement_score=1
/Users/andreas/MyProjects/swf-testing/para_recovered/src/Paradigm_fla/Head_Iris_Light_785.as	package=Paradigm_fla	class=Head_Iris_Light_785	interface=-	movement_score=1
/Users/andreas/MyProjects/swf-testing/para_recovered/src/Paradigm_fla/Head_Iris_None_784.as	package=Paradigm_fla	class=Head_Iris_None_784	interface=-	movement_score=1
/Users/andreas/MyProjects/swf-testing/para_recovered/src/Paradigm_fla/fireworks_box_202.as	package=Paradigm_fla	class=fireworks_box_202	interface=-	movement_score=1
/Users/andreas/MyProjects/swf-testing/para_recovered/src/Paradigm_fla/fxx_128.as	package=Paradigm_fla	class=fxx_128	interface=-	movement_score=1
/Users/andreas/MyProjects/swf-testing/para_recovered/src/Paradigm_fla/game_1_Male_Master1_27_781.as	package=Paradigm_fla	class=game_1_Male_Master1_27_781	interface=-	movement_score=1
/Users/andreas/MyProjects/swf-testing/para_recovered/src/Paradigm_fla/game_1_Male_Master1_28_789.as	package=Paradigm_fla	class=game_1_Male_Master1_28_789	interface=-	movement_score=1
/Users/andreas/MyProjects/swf-testing/para_recovered/src/Paradigm_fla/mcCape_87.as	package=Paradigm_fla	class=mcCape_87	interface=-	movement_score=2
/Users/andreas/MyProjects/swf-testing/para_recovered/src/Paradigm_fla/mcToggleBtn_45.as	package=Paradigm_fla	class=mcToggleBtn_45	interface=-	movement_score=1
/Users/andreas/MyProjects/swf-testing/para_recovered/src/Paradigm_fla/multicannon_439.as	package=Paradigm_fla	class=multicannon_439	interface=-	movement_score=1
/Users/andreas/MyProjects/swf-testing/para_recovered/src/Paradigm_fla/multicannoncopy_232.as	package=Paradigm_fla	class=multicannoncopy_232	interface=-	movement_score=1
/Users/andreas/MyProjects/swf-testing/para_recovered/src/Paradigm_fla/proton_cannon_249.as	package=Paradigm_fla	class=proton_cannon_249	interface=-	movement_score=1
/Users/andreas/MyProjects/swf-testing/para_recovered/src/Shin_L.as	package=(default)	class=Shin_L	interface=-	movement_score=1
/Users/andreas/MyProjects/swf-testing/para_recovered/src/Shin_R.as	package=(default)	class=Shin_R	interface=-	movement_score=1
/Users/andreas/MyProjects/swf-testing/para_recovered/src/Thigh_L.as	package=(default)	class=Thigh_L	interface=-	movement_score=1
/Users/andreas/MyProjects/swf-testing/para_recovered/src/Thigh_R.as	package=(default)	class=Thigh_R	interface=-	movement_score=1
/Users/andreas/MyProjects/swf-testing/para_recovered/src/Thigh_R_Female.as	package=(default)	class=Thigh_R_Female	interface=-	movement_score=1
/Users/andreas/MyProjects/swf-testing/para_recovered/src/Weapon_Auxiliary.as	package=(default)	class=Weapon_Auxiliary	interface=-	movement_score=1
/Users/andreas/MyProjects/swf-testing/para_recovered/src/Weapon_Blade.as	package=(default)	class=Weapon_Blade	interface=-	movement_score=1
/Users/andreas/MyProjects/swf-testing/para_recovered/src/Weapon_Grenade.as	package=(default)	class=Weapon_Grenade	interface=-	movement_score=1
/Users/andreas/MyProjects/swf-testing/para_recovered/src/Weapon_Gun.as	package=(default)	class=Weapon_Gun	interface=-	movement_score=1
/Users/andreas/MyProjects/swf-testing/para_recovered/src/Weapon_Staff.as	package=(default)	class=Weapon_Staff	interface=-	movement_score=1
/Users/andreas/MyProjects/swf-testing/para_recovered/src/Weapon_Wrist_L.as	package=(default)	class=Weapon_Wrist_L	interface=-	movement_score=1
/Users/andreas/MyProjects/swf-testing/para_recovered/src/Weapon_Wrist_R.as	package=(default)	class=Weapon_Wrist_R	interface=-	movement_score=1
/Users/andreas/MyProjects/swf-testing/para_recovered/src/about.as	package=(default)	class=about	interface=-	movement_score=4
/Users/andreas/MyProjects/swf-testing/para_recovered/src/advcolor.as	package=(default)	class=advcolor	interface=-	movement_score=7
/Users/andreas/MyProjects/swf-testing/para_recovered/src/backgroundcomponent.as	package=(default)	class=backgroundcomponent	interface=-	movement_score=6
/Users/andreas/MyProjects/swf-testing/para_recovered/src/backgrounds.as	package=(default)	class=backgrounds	interface=-	movement_score=4
/Users/andreas/MyProjects/swf-testing/para_recovered/src/buttoncomponent.as	package=(default)	class=buttoncomponent	interface=-	movement_score=4
/Users/andreas/MyProjects/swf-testing/para_recovered/src/characters.as	package=(default)	class=characters	interface=-	movement_score=7
/Users/andreas/MyProjects/swf-testing/para_recovered/src/colorcomponent.as	package=(default)	class=colorcomponent	interface=-	movement_score=5
/Users/andreas/MyProjects/swf-testing/para_recovered/src/com/adobe/images/PNGEncoder.as	package=com.adobe.images	class=PNGEncoder	interface=-	movement_score=1
/Users/andreas/MyProjects/swf-testing/para_recovered/src/context.as	package=(default)	class=context	interface=-	movement_score=4
/Users/andreas/MyProjects/swf-testing/para_recovered/src/contextdivider.as	package=(default)	class=contextdivider	interface=-	movement_score=1
/Users/andreas/MyProjects/swf-testing/para_recovered/src/contextitem.as	package=(default)	class=contextitem	interface=-	movement_score=1
/Users/andreas/MyProjects/swf-testing/para_recovered/src/emotecomponent.as	package=(default)	class=emotecomponent	interface=-	movement_score=4
/Users/andreas/MyProjects/swf-testing/para_recovered/src/emotes.as	package=(default)	class=emotes	interface=-	movement_score=2
/Users/andreas/MyProjects/swf-testing/para_recovered/src/itemfile.as	package=(default)	class=itemfile	interface=-	movement_score=5
/Users/andreas/MyProjects/swf-testing/para_recovered/src/main.as	package=(default)	class=main	interface=-	movement_score=10
/Users/andreas/MyProjects/swf-testing/para_recovered/src/mcHeadF.as	package=(default)	class=mcHeadF	interface=-	movement_score=1
/Users/andreas/MyProjects/swf-testing/para_recovered/src/mcHeadM.as	package=(default)	class=mcHeadM	interface=-	movement_score=1
/Users/andreas/MyProjects/swf-testing/para_recovered/src/messagebox.as	package=(default)	class=messagebox	interface=-	movement_score=4
/Users/andreas/MyProjects/swf-testing/para_recovered/src/optioncomponent.as	package=(default)	class=optioncomponent	interface=-	movement_score=5
/Users/andreas/MyProjects/swf-testing/para_recovered/src/radiocomponent.as	package=(default)	class=radiocomponent	interface=-	movement_score=4
/Users/andreas/MyProjects/swf-testing/para_recovered/src/savedcolor.as	package=(default)	class=savedcolor	interface=-	movement_score=3
/Users/andreas/MyProjects/swf-testing/para_recovered/src/screenshot.as	package=(default)	class=screenshot	interface=-	movement_score=5
/Users/andreas/MyProjects/swf-testing/para_recovered/src/scroll.as	package=(default)	class=scroll	interface=-	movement_score=6
/Users/andreas/MyProjects/swf-testing/para_recovered/src/sectiontext.as	package=(default)	class=sectiontext	interface=-	movement_score=1
/Users/andreas/MyProjects/swf-testing/para_recovered/src/setbtn.as	package=(default)	class=setbtn	interface=-	movement_score=3
/Users/andreas/MyProjects/swf-testing/para_recovered/src/sets.as	package=(default)	class=sets	interface=-	movement_score=9
/Users/andreas/MyProjects/swf-testing/para_recovered/src/sidebar.as	package=(default)	class=sidebar	interface=-	movement_score=4
/Users/andreas/MyProjects/swf-testing/para_recovered/src/tooltip.as	package=(default)	class=tooltip	interface=-	movement_score=4
